frame_idx,byte_offset,B00,B01,B02,B03,B04,B05,B06,B07,B08,B09,B10,B11,B12,B13,B14,B15,B16,B17,B18,B19,state,marker_ok
0,0,06,66,00,60,80,66,E6,80,98,80,F8,7E,00,FE,98,06,00,1E,00,00,98,0
1,22,06,66,00,60,80,66,E6,80,98,80,FE,F8,1E,98,98,06,00,1E,00,00,98,0
2,43,06,66,00,60,80,66,E6,80,98,80,7E,1E,80,98,06,00,1E,00,00,00,98,0
3,63,06,66,00,60,80,66,E6,80,98,80,60,1E,7E,98,06,00,1E,00,00,E0,98,0
4,84,06,66,00,60,80,66,E6,80,98,80,F8,9E,00,66,98,06,00,1E,00,00,98,0
5,105,06,66,00,60,80,66,E6,80,98,80,9E,9E,00,60,98,06,00,1E,00,00,98,0
6,126,06,66,00,60,80,66,E6,80,98,80,7E,9E,00,60,98,06,00,1E,00,00,98,0
7,148,06,66,00,60,80,66,E6,80,98,80,78,9E,00,18,98,06,00,1E,00,00,98,0
8,170,06,66,00,60,80,66,E6,80,98,80,18,9E,00,1E,98,06,00,1E,00,00,98,0
9,192,06,66,00,60,80,66,E6,80,98,80,FE,E6,1E,06,98,06,00,1E,00,00,98,0
10,214,06,66,00,60,80,66,E6,80,98,80,98,E6,1E,FE,86,66,00,1E,00,00,98,0
11,236,06,66,00,60,80,66,E6,80,98,80,7E,9E,00,F8,86,66,00,1E,00,00,98,0
12,257,06,66,00,60,80,66,E6,80,98,80,86,E6,1E,FE,86,66,00,1E,00,00,98,0
13,279,06,66,00,60,80,66,E6,80,98,80,66,9E,00,E6,86,66,00,1E,00,00,98,0
14,300,06,66,00,60,80,66,E6,80,98,80,86,E6,1E,00,98,06,00,1E,00,00,98,0
15,322,06,66,00,60,80,66,E6,80,98,80,F8,E6,1E,00,98,06,00,1E,00,00,98,0
16,344,06,66,00,60,80,66,E6,80,98,80,60,9E,00,18,98,06,00,1E,00,00,98,0
17,366,06,66,00,60,80,66,E6,80,98,80,98,9E,00,1E,98,06,00,1E,00,00,98,0
18,388,06,66,00,60,80,66,E6,80,98,80,F8,9E,00,60,98,06,00,1E,00,00,98,0
19,409,06,66,00,60,80,66,E6,80,98,80,78,9E,00,18,98,06,00,1E,00,00,98,0
20,431,06,66,00,60,80,66,E6,80,98,80,9E,E6,1E,F8,86,66,00,1E,00,00,98,0
21,453,06,66,00,60,80,66,E6,80,98,80,E0,78,00,9E,86,66,00,1E,00,00,98,0
22,475,06,66,00,60,80,66,E6,80,98,80,78,78,00,86,86,66,00,1E,00,00,98,0
23,497,06,66,00,60,80,66,E6,80,98,80,60,78,00,86,86,66,00,1E,00,00,98,0
24,519,06,66,00,60,80,66,E6,80,98,80,7E,78,00,98,86,66,00,1E,00,00,98,0
25,541,06,66,00,60,80,66,E6,80,98,80,00,9E,00,E0,86,66,00,1E,00,00,98,0
26,563,06,66,00,60,80,66,E6,80,98,80,98,E6,1E,F8,86,66,00,1E,00,00,98,0
27,585,06,66,00,60,80,66,E6,80,98,80,9E,E6,1E,F8,86,66,00,1E,00,00,98,0
28,607,06,66,00,60,80,66,E6,80,98,80,7E,9E,00,E6,86,66,00,1E,00,00,98,0
29,628,06,66,00,60,80,66,E6,80,98,80,80,E6,1E,F8,86,66,00,1E,00,00,98,0
30,649,06,66,00,60,80,66,E6,80,98,80,60,9E,00,E0,86,66,00,1E,00,00,98,0
31,670,06,66,00,60,80,66,E6,80,98,80,86,E6,1E,E6,86,66,00,1E,00,00,98,0
32,691,06,66,00,60,80,66,E6,80,98,80,98,E6,1E,E6,86,66,00,1E,00,00,98,0
33,713,06,66,00,60,80,66,E6,80,98,80,00,9E,00,FE,86,66,00,1E,00,00,98,0
34,735,06,66,00,60,80,66,E6,80,98,80,06,9E,00,06,98,06,00,1E,00,00,98,0
35,757,06,66,00,60,80,66,E6,80,98,80,60,9E,00,1E,98,06,00,1E,00,00,98,0
36,779,06,66,00,60,80,66,E6,80,98,80,E6,9E,00,66,98,06,00,1E,00,00,98,0
37,800,06,66,00,60,80,66,E6,80,98,80,7E,7E,00,FE,98,06,00,1E,00,00,98,0
38,821,06,66,00,60,80,66,E6,80,98,80,18,1E,7E,66,00,00,1E,00,00,98,98,0
39,842,06,66,00,60,80,66,E6,80,98,80,60,1E,7E,66,00,00,1E,00,00,E0,98,0
40,863,06,66,00,60,80,66,E6,80,98,80,E0,7E,00,FE,98,06,00,1E,00,00,98,0
41,885,06,66,00,60,80,66,E6,80,98,80,80,F8,1E,86,98,06,00,1E,00,00,98,0
42,906,06,66,00,60,80,66,E6,80,98,80,60,1E,80,98,06,00,1E,00,00,E6,98,0
43,927,06,66,00,60,80,66,E6,80,98,80,FE,F8,1E,E0,98,06,00,1E,00,00,98,0
44,948,06,66,00,60,80,66,E6,80,98,80,06,1E,06,66,00,00,1E,00,00,1E,98,0
45,977,06,66,00,60,80,66,E6,80,98,80,60,1E,7E,66,00,00,1E,00,00,E0,98,0
46,998,06,66,00,60,80,66,E6,80,9E,80,86,80,1E,E6,98,66,00,1E,00,00,9E,0
47,1020,06,66,00,60,80,66,E6,80,9E,80,E6,60,00,60,66,06,00,1E,00,00,9E,0
48,1042,06,66,00,60,80,66,E6,80,9E,80,E6,86,1E,80,66,06,00,1E,00,00,9E,0
49,1064,06,66,00,60,80,66,E6,80,9E,80,00,98,00,1E,66,06,00,1E,00,00,9E,0
50,1086,06,66,00,60,80,66,E6,80,9E,80,06,1E,86,98,66,00,1E,00,00,E0,9E,0
51,1121,06,66,00,60,80,66,E6,80,98,80,00,1E,FE,98,06,00,1E,00,00,00,98,0
52,1163,06,66,00,60,80,66,E6,80,98,80,E0,F8,1E,86,98,06,00,1E,00,00,98,0
53,1184,06,66,00,60,80,66,E6,80,98,80,1E,7E,00,E0,98,06,00,1E,00,00,98,0
54,1205,06,66,00,60,80,66,E6,80,98,80,80,1E,80,98,66,00,1E,00,00,06,98,0
55,1226,06,66,00,60,80,66,E6,80,9E,80,06,98,00,60,66,06,00,1E,00,00,9E,0
56,1248,06,66,00,60,80,66,E6,80,9E,80,66,98,00,98,66,06,00,1E,00,00,9E,0
57,1269,06,66,00,60,80,66,E6,80,9E,80,1E,98,00,98,66,06,00,1E,00,00,9E,0
58,1299,06,66,00,60,80,66,E6,80,9E,80,80,86,1E,66,66,06,00,1E,00,00,9E,0
59,1321,06,66,00,60,80,66,E6,80,9E,80,18,98,00,60,66,06,00,1E,00,00,9E,0
60,1343,06,66,00,60,80,66,E6,80,9E,80,9E,60,00,18,66,06,00,1E,00,00,9E,0
61,1365,06,66,00,60,80,66,E6,80,9E,80,7E,98,00,7E,66,06,00,1E,00,00,9E,0
62,1387,06,66,00,60,80,66,E6,80,9E,80,9E,66,00,86,9E,66,00,1E,00,00,9E,0
63,1409,06,66,00,60,80,66,E6,80,9E,80,1E,9E,00,60,66,00,1E,00,00,86,9E,0
64,1430,06,66,00,60,80,66,E6,80,E0,80,9E,80,1E,FE,78,06,00,1E,00,00,E0,0
65,1452,06,66,00,60,80,66,E6,80,E0,80,E0,98,00,E6,E6,66,00,1E,00,00,E0,0
66,1474,06,66,00,60,80,66,E6,80,E0,80,98,98,1E,FE,E6,66,00,1E,00,00,E0,0
67,1510,06,66,00,60,80,66,E6,80,E0,80,06,E6,00,E0,E6,66,00,1E,00,00,E0,0
68,1545,06,66,00,60,80,66,E6,80,E0,80,78,98,00,1E,9E,06,00,1E,00,00,E0,0
69,1574,06,66,00,60,80,66,E6,80,E0,80,66,1E,86,78,06,00,1E,00,00,06,E0,0
70,1595,06,66,00,60,80,66,E6,80,9E,80,80,E6,00,06,66,00,00,1E,00,00,9E,0
71,1617,06,66,00,60,80,66,E6,80,9E,80,66,E6,00,9E,9E,66,00,1E,00,00,9E,0
72,1638,06,66,00,60,80,66,E6,80,9E,80,00,98,00,80,66,06,00,1E,00,00,9E,0
73,1668,06,66,00,60,80,66,E6,80,98,80,7E,1E,78,66,00,00,1E,00,00,F8,98,0
74,1689,06,66,00,60,80,66,E6,80,98,80,66,7E,00,E0,98,06,00,1E,00,00,98,0
75,1710,06,66,00,60,80,66,E6,80,98,80,F8,9E,00,78,98,06,00,1E,00,00,98,0
76,1731,06,66,00,60,80,66,E6,80,98,80,F8,66,00,9E,60,06,00,1E,00,00,98,0
77,1753,06,66,00,60,80,66,E6,80,98,80,9E,E6,00,60,98,06,00,1E,00,00,98,0
78,1775,06,66,00,60,80,66,E6,80,98,80,18,78,00,E0,86,66,00,1E,00,00,98,0
79,1797,06,66,00,60,80,66,E6,80,98,80,9E,78,00,F8,86,66,00,1E,00,00,98,0
80,1819,06,66,00,60,80,66,E6,80,98,80,18,78,00,E0,86,66,00,1E,00,00,98,0
81,1848,06,66,00,60,80,66,E6,80,98,80,F8,E6,00,66,98,06,00,1E,00,00,98,0
82,1884,06,66,00,60,80,66,E6,80,98,80,60,E6,00,E6,60,06,00,1E,00,00,98,0
83,1920,06,66,00,60,80,66,E6,80,98,80,60,E6,00,18,60,06,00,1E,00,00,98,0
84,1942,06,66,00,60,80,66,E6,80,98,80,06,98,00,80,80,66,00,1E,00,00,98,0
85,1964,06,66,00,60,80,66,E6,80,98,80,06,60,00,60,66,00,1E,00,00,78,98,0
86,1984,06,66,00,60,80,66,E6,80,98,80,FE,80,1E,1E,66,00,1E,00,00,1E,98,0
87,2004,06,66,00,60,80,66,E6,80,98,80,9E,80,1E,18,66,00,1E,00,00,F8,98,0
88,2032,06,66,00,60,80,66,E6,80,98,80,78,1E,06,66,00,1E,00,00,80,06,98,0
89,2071,06,66,00,60,80,66,E6,80,98,80,86,60,00,7E,66,00,1E,00,00,06,98,0
90,2092,06,66,00,60,80,66,E6,80,98,80,E6,60,00,80,80,66,00,1E,00,00,98,0
91,2114,06,66,00,60,80,66,E6,80,98,80,00,98,00,80,80,66,00,1E,00,00,98,0
92,2136,06,66,00,60,80,66,E6,80,98,80,F8,60,00,80,80,66,00,1E,00,00,98,0
93,2158,06,66,00,60,80,66,E6,80,98,80,00,98,00,80,80,66,00,1E,00,00,98,0
94,2180,06,66,00,60,80,66,E6,80,98,80,E6,60,00,78,66,00,1E,00,00,60,98,0
95,2201,06,66,00,60,80,66,E6,80,98,80,9E,80,18,FE,66,00,1E,00,00,98,98,0
96,2221,06,66,00,60,80,66,E6,80,86,80,66,18,98,66,00,1E,00,00,F8,FE,86,0
97,2241,06,66,00,60,80,66,E6,80,86,80,7E,18,78,66,00,1E,00,00,E0,F8,86,0
98,2261,06,66,00,60,80,66,E6,80,86,80,80,FE,18,7E,66,00,1E,00,00,F8,86,0
99,2282,06,66,00,60,80,66,E6,80,86,80,60,18,9E,66,00,1E,00,00,F8,FE,86,0
100,2302,06,66,00,60,80,66,E6,80,86,80,FE,18,FE,66,00,1E,00,00,E6,FE,86,0
101,2322,06,66,00,60,80,66,E6,80,98,80,7E,1E,06,66,00,1E,00,00,86,06,98,0
102,2361,06,66,00,60,80,66,E6,80,98,80,86,80,1E,18,66,00,1E,00,00,E0,98,0
103,2381,06,66,00,60,80,66,E6,80,86,80,FE,18,FE,66,00,1E,00,00,E6,FE,86,0
104,2401,06,66,00,60,80,66,E6,80,86,80,86,18,E6,66,00,1E,00,00,66,06,86,0
105,2439,06,66,00,60,80,66,E6,80,86,80,86,18,F8,66,00,1E,00,00,78,06,86,0
106,2478,06,66,00,60,80,66,E6,80,98,80,06,1E,00,66,00,1E,00,00,18,06,98,0
107,2517,06,66,00,60,80,66,E6,80,98,80,60,60,00,7E,66,00,1E,00,00,E0,98,0
108,2538,06,66,00,60,80,66,E6,80,98,80,E6,80,1E,78,66,00,1E,00,00,60,98,0
109,2558,06,66,00,60,80,66,E6,80,86,80,7E,1E,00,66,00,1E,00,00,7E,06,86,0
110,2597,06,66,00,60,80,66,E6,80,86,80,E0,F8,18,60,66,00,1E,00,00,FE,86,0
111,2618,06,66,00,60,80,66,E6,80,86,80,E6,1E,00,00,66,00,1E,00,00,E0,86,0
112,2639,06,66,00,60,80,66,E6,80,86,80,18,1E,00,E0,FE,66,00,1E,00,00,86,0
113,2675,06,66,00,60,80,66,E6,80,86,80,1E,1E,00,80,FE,66,00,1E,00,00,86,0
114,2718,06,66,00,60,80,66,E6,80,86,80,78,78,00,66,66,00,1E,00,00,98,86,0
115,2739,06,66,00,60,80,66,E6,80,86,80,E0,E0,18,1E,66,00,1E,00,00,F8,86,0
116,2760,06,66,00,60,80,66,E6,80,86,80,80,E0,18,18,66,00,1E,00,00,86,86,0
117,2781,06,66,00,60,80,66,E6,80,86,80,98,E0,18,18,66,00,1E,00,00,9E,86,0
118,2802,06,66,00,60,80,66,E6,80,86,80,FE,E0,18,60,66,00,1E,00,00,18,86,0
119,2831,06,66,00,60,80,66,E6,80,86,80,80,78,00,7E,66,00,1E,00,00,F8,86,0
120,2852,06,66,00,60,80,66,E6,80,86,80,9E,78,00,80,FE,66,00,1E,00,00,86,0
121,2874,06,66,00,60,80,66,E6,80,86,80,06,1E,00,98,FE,66,00,1E,00,00,86,0
122,2896,06,66,00,60,80,66,E6,80,98,80,7E,1E,7E,66,00,1E,00,00,FE,06,98,0
123,2937,06,66,00,60,80,66,E6,80,98,80,18,1E,60,66,00,1E,00,00,7E,06,98,0
124,2977,06,66,00,60,80,66,E6,80,98,80,E0,98,00,60,60,06,00,1E,00,00,98,0
125,2999,06,66,00,60,80,66,E6,80,98,80,9E,98,00,60,60,06,00,1E,00,00,98,0
126,3021,06,66,00,60,80,66,E6,80,98,80,06,E6,00,66,60,06,00,1E,00,00,98,0
127,3043,06,66,00,60,80,66,E6,80,98,80,7E,66,00,E0,60,06,00,1E,00,00,98,0
128,3065,06,66,00,60,80,66,E6,80,98,80,E6,9E,1E,18,98,06,00,1E,00,00,98,0
129,3086,06,66,00,60,80,66,E6,80,98,80,60,1E,86,86,66,00,1E,00,00,F8,98,0
130,3107,06,66,00,60,80,66,E6,80,98,80,E6,E0,1E,9E,86,66,00,1E,00,00,98,0
131,3129,06,66,00,60,80,66,E6,80,98,80,78,78,00,F8,86,66,00,1E,00,00,98,0
132,3151,06,66,00,60,80,66,E6,80,98,80,86,78,00,F8,86,66,00,1E,00,00,98,0
133,3173,06,66,00,60,80,66,E6,80,98,80,86,78,00,F8,86,66,00,1E,00,00,98,0
134,3195,06,66,00,60,80,66,E6,80,98,80,60,9E,00,06,98,06,00,1E,00,00,98,0
135,3237,06,66,00,60,80,66,E6,80,98,80,E6,E6,1E,1E,98,06,00,1E,00,00,98,0
136,3273,06,66,00,60,80,66,E6,80,98,80,78,9E,00,7E,98,06,00,1E,00,00,98,0
137,3295,06,66,00,60,80,66,E6,80,98,80,F8,9E,00,98,98,06,00,1E,00,00,98,0
138,3317,06,66,00,60,80,66,E6,80,98,80,80,F8,1E,E0,98,06,00,1E,00,00,98,0
139,3338,06,66,00,60,80,66,E6,80,98,80,18,7E,00,FE,98,06,00,1E,00,00,98,0
140,3359,06,66,00,60,80,66,E6,80,98,80,00,1E,1E,66,00,00,1E,00,00,60,98,0
141,3388,06,66,00,60,80,66,E6,80,98,80,18,1E,1E,66,00,00,1E,00,00,78,98,0
142,3409,06,66,00,60,80,66,E6,80,98,80,F8,7E,00,18,66,00,00,1E,00,00,98,0
143,3431,06,66,00,60,80,66,E6,80,98,80,1E,7E,00,F8,98,06,00,1E,00,00,98,0
144,3452,06,66,00,60,80,66,E6,80,98,80,06,7E,00,E6,98,06,00,1E,00,00,98,0
145,3473,06,66,00,60,80,66,E6,80,98,80,18,1E,1E,66,00,00,1E,00,00,78,98,0
146,3494,06,66,00,60,80,66,E6,80,98,80,E0,FE,1E,78,66,00,00,1E,00,00,98,0
147,3516,06,66,00,60,80,66,E6,80,98,80,78,1E,98,98,66,00,1E,00,00,06,98,0
148,3537,06,66,00,60,80,66,E6,80,98,80,86,FE,1E,78,66,00,00,1E,00,00,98,0
149,3559,06,66,00,60,80,66,E6,80,98,80,60,7E,00,00,66,00,00,1E,00,00,98,0
150,3580,06,66,00,60,80,66,E6,80,98,80,F8,9E,00,98,98,06,00,1E,00,00,98,0
151,3602,06,66,00,60,80,66,E6,80,98,80,E0,9E,00,86,98,06,00,1E,00,00,98,0
152,3623,06,66,00,60,80,66,E6,80,98,80,66,1E,98,98,06,00,1E,00,00,00,98,0
153,3643,06,66,00,60,80,66,E6,80,98,80,60,7E,00,F8,98,06,00,1E,00,00,98,0
154,3664,06,66,00,60,80,66,E6,80,98,80,06,7E,00,E6,98,06,00,1E,00,00,98,0
155,3685,06,66,00,60,80,66,E6,80,98,80,00,1E,86,98,06,00,1E,00,00,98,98,0
156,3706,06,66,00,60,80,66,E6,80,98,80,86,E6,1E,06,98,06,00,1E,00,00,98,0
157,3728,06,66,00,60,80,66,E6,80,98,80,1E,9E,00,7E,98,06,00,1E,00,00,98,0
158,3750,06,66,00,60,80,66,E6,80,98,80,66,9E,00,86,98,06,00,1E,00,00,98,0
159,3772,06,66,00,60,80,66,E6,80,98,80,98,9E,00,9E,98,06,00,1E,00,00,98,0
160,3807,06,66,00,60,80,66,E6,80,98,80,1E,1E,F8,98,06,00,1E,00,00,18,98,0
161,3841,06,66,00,60,80,66,E6,80,98,80,1E,7E,00,1E,66,00,00,1E,00,00,98,0
162,3869,06,66,00,60,80,66,E6,80,98,80,E0,7E,00,66,66,00,00,1E,00,00,98,0
163,3891,06,66,00,60,80,66,E6,80,98,80,80,7E,00,18,66,00,00,1E,00,00,98,0
164,3913,06,66,00,60,80,66,E6,80,98,80,FE,7E,00,66,66,00,00,1E,00,00,98,0
165,3935,06,66,00,60,80,66,E6,80,98,80,60,1E,E0,98,66,00,1E,00,00,06,98,0
166,3964,06,66,00,60,80,66,E6,80,98,80,E0,1E,E6,98,66,00,1E,00,00,98,98,0
167,3985,06,66,00,60,80,66,E6,80,98,80,60,1E,E0,98,66,00,1E,00,00,06,98,0
168,4006,06,66,00,60,80,66,E6,80,98,80,FE,7E,00,78,66,00,00,1E,00,00,98,0
169,4028,06,66,00,60,80,66,E6,80,98,80,F8,7E,00,60,66,00,00,1E,00,00,98,0
170,4050,06,66,00,60,80,66,E6,80,98,80,86,7E,00,60,66,00,00,1E,00,00,98,0
171,4072,06,66,00,60,80,66,E6,80,98,80,7E,7E,00,06,66,00,00,1E,00,00,98,0
172,4094,06,66,00,60,80,66,E6,80,98,80,80,7E,00,18,66,00,00,1E,00,00,98,0
173,4116,06,66,00,60,80,66,E6,80,98,80,9E,FE,1E,86,98,66,00,1E,00,00,98,0
174,4138,06,66,00,60,80,66,E6,80,98,80,80,1E,E0,98,66,00,1E,00,00,66,98,0
175,4159,06,66,00,60,80,66,E6,80,9E,80,86,80,1E,18,66,06,00,1E,00,00,9E,0
176,4181,06,66,00,60,80,66,E6,80,9E,80,60,60,00,66,66,06,00,1E,00,00,9E,0
177,4203,06,66,00,60,80,66,E6,80,9E,80,E6,60,00,80,66,06,00,1E,00,00,9E,0
178,4225,06,66,00,60,80,66,E6,80,9E,80,86,86,1E,E0,66,06,00,1E,00,00,9E,0
179,4247,06,66,00,60,80,66,E6,80,9E,80,9E,86,1E,E6,66,06,00,1E,00,00,9E,0
180,4269,06,66,00,60,80,66,E6,80,9E,80,18,98,00,E6,66,06,00,1E,00,00,9E,0
181,4290,06,66,00,60,80,66,E6,80,9E,80,60,98,00,FE,66,06,00,1E,00,00,9E,0
182,4311,06,66,00,60,80,66,E6,80,9E,80,98,86,1E,E0,66,06,00,1E,00,00,9E,0
183,4347,06,66,00,60,80,66,E6,80,9E,80,F8,60,00,80,66,06,00,1E,00,00,9E,0
184,4390,06,66,00,60,80,66,E6,80,9E,80,F8,86,1E,FE,66,06,00,1E,00,00,9E,0
185,4412,06,66,00,60,80,66,E6,80,9E,80,66,98,00,E6,66,06,00,1E,00,00,9E,0
186,4434,06,66,00,60,80,66,E6,80,9E,80,FE,60,00,9E,66,06,00,1E,00,00,9E,0
187,4464,06,66,00,60,80,66,E6,80,9E,80,FE,86,1E,06,66,00,00,1E,00,00,9E,0
188,4485,06,66,00,60,80,66,E6,80,9E,80,06,98,00,00,66,00,00,1E,00,00,9E,0
189,4506,06,66,00,60,80,66,E6,80,9E,80,86,86,1E,E6,66,06,00,1E,00,00,9E,0
190,4528,06,66,00,60,80,66,E6,80,9E,80,F8,80,1E,78,66,06,00,1E,00,00,9E,0
191,4550,06,66,00,60,80,66,E6,80,98,80,FE,7E,00,80,98,66,00,1E,00,00,98,0
192,4572,06,66,00,60,80,66,E6,80,98,80,98,F8,1E,18,66,00,00,1E,00,00,98,0
193,4593,06,66,00,60,80,66,E6,80,98,80,98,9E,00,E6,98,06,00,1E,00,00,98,0
194,4615,06,66,00,60,80,66,E6,80,98,80,E6,F8,1E,60,66,00,00,1E,00,00,98,0
195,4636,06,66,00,60,80,66,E6,80,98,80,7E,7E,00,7E,66,00,00,1E,00,00,98,0
196,4658,06,66,00,60,80,66,E6,80,98,80,78,1E,E0,98,66,00,1E,00,00,1E,98,0
197,4679,06,66,00,60,80,66,E6,80,98,80,80,FE,1E,E0,98,66,00,1E,00,00,98,0
198,4701,06,66,00,60,80,66,E6,80,98,80,98,1E,18,66,06,00,1E,00,00,E6,98,0
199,4722,06,66,00,60,80,66,E6,80,9E,80,00,1E,1E,66,06,00,1E,00,00,66,9E,0
200,4743,06,66,00,60,80,66,E6,80,9E,80,86,80,1E,7E,66,06,00,1E,00,00,9E,0
201,4765,06,66,00,60,80,66,E6,80,98,80,66,1E,06,66,06,00,1E,00,00,7E,98,0
202,4786,06,66,00,60,80,66,E6,80,98,80,06,1E,9E,98,66,00,1E,00,00,E6,98,0
203,4807,06,66,00,60,80,66,E6,80,98,80,E6,7E,00,E0,98,66,00,1E,00,00,98,0
204,4843,06,66,00,60,80,66,E6,80,98,80,9E,FE,1E,00,66,06,00,1E,00,00,98,0
205,4879,06,66,00,60,80,66,E6,80,98,80,1E,1E,E6,98,66,00,1E,00,00,06,98,0
206,4907,06,66,00,60,80,66,E6,80,98,80,78,1E,60,66,00,00,1E,00,00,9E,98,0
207,4927,06,66,00,60,80,66,E6,80,98,80,66,7E,00,98,98,66,00,1E,00,00,98,0
208,4949,06,66,00,60,80,66,E6,80,98,80,18,1E,66,66,06,00,1E,00,00,80,98,0
209,4970,06,66,00,60,80,66,E6,80,9E,80,78,1E,9E,66,06,00,1E,00,00,1E,9E,0
210,4991,06,66,00,60,80,66,E6,80,98,80,E6,1E,7E,66,06,00,1E,00,00,66,98,0
211,5020,06,66,00,60,80,66,E6,80,98,80,1E,1E,E6,98,66,00,1E,00,00,06,98,0
212,5041,06,66,00,60,80,66,E6,80,9E,80,60,1E,78,66,06,00,1E,00,00,E0,9E,0
213,5062,06,66,00,60,80,66,E6,80,9E,80,7E,98,00,06,66,00,00,1E,00,00,9E,0
214,5084,06,66,00,60,80,66,E6,80,9E,80,80,98,1E,7E,66,00,00,1E,00,00,9E,0
215,5106,06,66,00,60,80,66,E6,80,9E,80,98,9E,1E,06,66,00,00,1E,00,00,9E,0
216,5142,06,66,00,60,80,66,E6,80,9E,80,18,9E,00,06,66,00,1E,00,00,66,9E,0
217,5177,06,66,00,60,80,66,E6,80,9E,80,00,9E,00,F8,66,00,00,1E,00,00,9E,0
218,5206,06,66,00,60,80,66,E6,80,9E,80,FE,E0,1E,86,66,00,00,1E,00,00,9E,0
219,5227,06,66,00,60,80,66,E6,80,9E,80,1E,E6,00,18,66,00,00,1E,00,00,9E,0
220,5249,06,66,00,60,80,66,E6,80,9E,80,78,E6,00,FE,9E,66,00,1E,00,00,9E,0
221,5270,06,66,00,60,80,66,E6,80,9E,80,98,66,00,9E,9E,66,00,1E,00,00,9E,0
222,5292,06,66,00,60,80,66,E6,80,9E,80,98,9E,1E,E6,9E,66,00,1E,00,00,9E,0
223,5314,06,66,00,60,80,66,E6,80,9E,80,E0,98,1E,1E,66,00,00,1E,00,00,9E,0
224,5336,06,66,00,60,80,66,E6,80,9E,80,E6,98,00,F8,66,06,00,1E,00,00,9E,0
225,5358,06,66,00,60,80,66,E6,80,9E,80,00,E6,00,06,66,00,00,1E,00,00,9E,0
226,5380,06,66,00,60,80,66,E6,80,9E,80,1E,E6,00,18,66,00,00,1E,00,00,9E,0
227,5402,06,66,00,60,80,66,E6,80,9E,80,FE,98,1E,78,66,00,00,1E,00,00,9E,0
228,5424,06,66,00,60,80,66,E6,80,9E,80,FE,98,1E,18,66,00,00,1E,00,00,9E,0
229,5446,06,66,00,60,80,66,E6,80,9E,80,7E,98,00,86,66,06,00,1E,00,00,9E,0
230,5468,06,66,00,60,80,66,E6,80,9E,80,E0,86,1E,E0,66,06,00,1E,00,00,9E,0
231,5490,06,66,00,60,80,66,E6,80,9E,80,7E,66,00,80,9E,66,00,1E,00,00,9E,0
232,5512,06,66,00,60,80,66,E6,80,9E,80,9E,66,00,7E,66,00,00,1E,00,00,9E,0
233,5534,06,66,00,60,80,66,E6,80,9E,80,E0,66,00,86,9E,66,00,1E,00,00,9E,0
234,5556,06,66,00,60,80,66,E6,80,9E,80,E0,66,00,80,9E,66,00,1E,00,00,9E,0
235,5578,06,66,00,60,80,66,E6,80,9E,80,66,98,00,00,66,00,00,1E,00,00,9E,0
236,5599,06,66,00,60,80,66,E6,80,9E,80,98,98,00,06,66,00,00,1E,00,00,9E,0
237,5621,06,66,00,60,80,66,E6,80,9E,80,86,86,1E,98,66,06,00,1E,00,00,9E,0
238,5643,06,66,00,60,80,66,E6,80,9E,80,00,60,00,18,66,06,00,1E,00,00,9E,0
239,5665,06,66,00,60,80,66,E6,80,9E,80,06,60,00,18,66,06,00,1E,00,00,9E,0
240,5687,06,66,00,60,80,66,E6,80,9E,80,06,60,00,18,66,06,00,1E,00,00,9E,0
241,5709,06,66,00,60,80,66,E6,80,98,80,E0,1E,9E,98,66,00,1E,00,00,80,98,0
242,5738,06,66,00,60,80,66,E6,80,98,80,78,7E,00,06,66,00,00,1E,00,00,98,0
243,5760,06,66,00,60,80,66,E6,80,98,80,80,E6,1E,66,98,06,00,1E,00,00,98,0
244,5782,06,66,00,60,80,66,E6,80,98,80,86,78,00,06,98,06,00,1E,00,00,98,0
245,5818,06,66,00,60,80,66,E6,80,98,80,E6,78,00,FE,86,66,00,1E,00,00,98,0
246,5840,06,66,00,60,80,66,E6,80,98,80,F8,E0,1E,98,86,66,00,1E,00,00,98,0
247,5883,06,66,00,60,80,66,E6,80,98,80,18,1E,80,86,66,00,1E,00,00,9E,98,0
248,5904,06,66,00,60,80,66,E6,80,98,80,7E,E6,00,66,98,06,00,1E,00,00,98,0
249,5926,06,66,00,60,80,66,E6,80,98,80,18,E6,00,60,98,06,00,1E,00,00,98,0
250,5947,06,66,00,60,80,66,E6,80,98,80,60,E6,00,66,98,06,00,1E,00,00,98,0
251,5969,06,66,00,60,80,66,E6,80,98,80,E6,E6,00,7E,98,06,00,1E,00,00,98,0
252,5991,06,66,00,60,80,66,E6,80,98,80,06,9E,00,18,98,06,00,1E,00,00,98,0
253,6012,06,66,00,60,80,66,E6,80,98,80,98,7E,00,66,66,00,00,1E,00,00,98,0
254,6034,06,66,00,60,80,66,E6,80,98,80,9E,FE,1E,98,98,66,00,1E,00,00,98,0
255,6056,06,66,00,60,80,66,E6,80,98,80,F8,F8,1E,18,66,00,00,1E,00,00,98,0
256,6077,06,66,00,60,80,66,E6,80,98,80,98,9E,00,9E,98,06,00,1E,00,00,98,0
257,6098,06,66,00,60,80,66,E6,80,98,80,66,9E,00,98,98,06,00,1E,00,00,98,0
258,6119,06,66,00,60,80,66,E6,80,98,80,E6,F8,1E,06,66,00,00,1E,00,00,98,0
259,6140,06,66,00,60,80,66,E6,80,98,80,F8,FE,1E,86,98,66,00,1E,00,00,98,0
260,6162,06,66,00,60,80,66,E6,80,98,80,7E,1E,78,66,00,00,1E,00,00,F8,98,0
261,6183,06,66,00,60,80,66,E6,80,98,80,FE,FE,1E,98,98,66,00,1E,00,00,98,0
262,6205,06,66,00,60,80,66,E6,80,98,80,18,1E,78,66,00,00,1E,00,00,86,98,0
263,6226,06,66,00,60,80,66,E6,80,98,80,98,FE,1E,86,98,66,00,1E,00,00,98,0
264,6248,06,66,00,60,80,66,E6,80,9E,80,18,1E,00,66,06,00,1E,00,00,60,9E,0
265,6269,06,66,00,60,80,66,E6,80,9E,80,00,60,00,1E,66,06,00,1E,00,00,9E,0
266,6291,06,66,00,60,80,66,E6,80,9E,80,E6,60,00,80,66,06,00,1E,00,00,9E,0
267,6313,06,66,00,60,80,66,E6,80,9E,80,FE,60,00,80,66,06,00,1E,00,00,9E,0
268,6335,06,66,00,60,80,66,E6,80,9E,80,00,98,00,7E,66,06,00,1E,00,00,9E,0
269,6357,06,66,00,60,80,66,E6,80,9E,80,9E,60,00,1E,66,06,00,1E,00,00,9E,0
270,6379,06,66,00,60,80,66,E6,80,98,80,9E,1E,7E,66,00,00,1E,00,00,1E,98,0
271,6400,06,66,00,60,80,66,E6,80,98,80,66,1E,78,98,06,00,1E,00,00,E0,98,0
272,6421,06,66,00,60,80,66,E6,80,98,80,F8,78,00,9E,86,66,00,1E,00,00,98,0
273,6443,06,66,00,60,80,66,E6,80,98,80,18,78,00,80,86,66,00,1E,00,00,98,0
274,6473,06,66,00,60,80,66,E6,80,98,80,86,E0,1E,60,98,06,00,1E,00,00,98,0
275,6495,06,66,00,60,80,66,E6,80,98,80,1E,9E,00,F8,86,66,00,1E,00,00,98,0
276,6516,06,66,00,60,80,66,E6,80,98,80,00,7E,00,E0,98,06,00,1E,00,00,98,0
277,6551,06,66,00,60,80,66,E6,80,98,80,FE,7E,00,06,66,00,00,1E,00,00,98,0
278,6587,06,66,00,60,80,66,E6,80,98,80,1E,1E,18,66,00,00,1E,00,00,78,98,0
279,6615,06,66,00,60,80,66,E6,80,98,80,F8,7E,00,00,66,00,00,1E,00,00,98,0
280,6637,06,66,00,60,80,66,E6,80,98,80,00,7E,00,E0,98,06,00,1E,00,00,98,0
281,6658,06,66,00,60,80,66,E6,80,98,80,98,9E,00,78,98,06,00,1E,00,00,98,0
282,6679,06,66,00,60,80,66,E6,80,98,80,F8,E6,1E,1E,98,06,00,1E,00,00,98,0
283,6701,06,66,00,60,80,66,E6,80,98,80,60,9E,00,66,98,06,00,1E,00,00,98,0
284,6723,06,66,00,60,80,66,E6,80,98,80,FE,9E,00,80,98,06,00,1E,00,00,98,0
285,6745,06,66,00,60,80,66,E6,80,98,80,86,F8,1E,98,98,06,00,1E,00,00,98,0
286,6766,06,66,00,60,80,66,E6,80,98,80,00,7E,00,9E,98,06,00,1E,00,00,98,0
287,6787,06,66,00,60,80,66,E6,80,98,80,7E,7E,00,9E,98,06,00,1E,00,00,98,0
288,6808,06,66,00,60,80,66,E6,80,98,80,86,7E,00,E0,98,06,00,1E,00,00,98,0
289,6829,06,66,00,60,80,66,E6,80,98,80,F8,7E,00,E6,98,06,00,1E,00,00,98,0
290,6851,06,66,00,60,80,66,E6,80,98,80,9E,7E,00,F8,98,06,00,1E,00,00,98,0
291,6873,06,66,00,60,80,66,E6,80,98,80,80,7E,00,F8,98,06,00,1E,00,00,98,0
292,6894,06,66,00,60,80,66,E6,80,98,80,18,7E,00,9E,98,06,00,1E,00,00,98,0
293,6915,06,66,00,60,80,66,E6,80,98,80,66,1E,80,98,06,00,1E,00,00,F8,98,0
294,6936,06,66,00,60,80,66,E6,80,98,80,60,9E,00,FE,86,66,00,1E,00,00,98,0
295,6957,06,66,00,60,80,66,E6,80,98,80,7E,1E,80,86,66,00,1E,00,00,00,98,0
296,6978,06,66,00,60,80,66,E6,80,98,80,98,E6,00,1E,98,06,00,1E,00,00,98,0
297,7000,06,66,00,60,80,66,E6,80,98,80,78,E6,00,00,98,06,00,1E,00,00,98,0
298,7021,06,66,00,60,80,66,E6,80,98,80,66,E6,00,FE,60,06,00,1E,00,00,98,0
299,7042,06,66,00,60,80,66,E6,80,98,80,98,E6,00,FE,60,06,00,1E,00,00,98,0
300,7064,06,66,00,60,80,66,E6,80,98,80,9E,E6,00,F8,60,06,00,1E,00,00,98,0
301,7086,06,66,00,60,80,66,E6,80,98,80,00,E6,00,9E,60,06,00,1E,00,00,98,0
302,7108,06,66,00,60,80,66,E6,80,98,80,18,E6,00,7E,60,06,00,1E,00,00,98,0
303,7130,06,66,00,60,80,66,E6,80,98,80,7E,E6,00,86,60,06,00,1E,00,00,98,0
304,7152,06,66,00,60,80,66,E6,80,98,80,E6,9E,1E,E0,60,06,00,1E,00,00,98,0
305,7174,06,66,00,60,80,66,E6,80,98,80,E0,9E,1E,E0,60,06,00,1E,00,00,98,0
306,7196,06,66,00,60,80,66,E6,80,98,80,80,9E,1E,9E,60,06,00,1E,00,00,98,0
307,7218,06,66,00,60,80,66,E6,80,98,80,E6,9E,1E,E6,60,06,00,1E,00,00,98,0
308,7240,06,66,00,60,80,66,E6,80,98,80,E6,66,00,86,60,06,00,1E,00,00,98,0
309,7262,06,66,00,60,80,66,E6,80,98,80,F8,66,00,98,60,06,00,1E,00,00,98,0
310,7284,06,66,00,60,80,66,E6,80,98,80,F8,66,00,9E,60,06,00,1E,00,00,98,0
311,7306,06,66,00,60,80,66,E6,80,98,80,E0,66,00,9E,60,06,00,1E,00,00,98,0
